{"_id":{"$oid":"6633da483236eb78fe5f8a42"},"nombre":"Atletico Nacional","pais":"Colombia","entrenador_id":"613c8d373b20a3bfbfc7ab40"}
{"_id":{"$oid":"6633da483236eb78fe5f8a43"},"nombre":"Millonarios FC","pais":"Colombia","entrenador_id":"613c8d373b20a3bfbfc7ab41"}
{"_id":{"$oid":"6633da483236eb78fe5f8a44"},"nombre":"Deportivo Cali","pais":"Colombia","entrenador_id":"613c8d373b20a3bfbfc7ab42"}
{"_id":{"$oid":"6633da483236eb78fe5f8a45"},"nombre":"Junior FC","pais":"Colombia","entrenador_id":"613c8d373b20a3bfbfc7ab43"}
