{"_id":{"$oid":"6635232f946279eafab6fbf2"},"equipo_id":"6633da483236eb78fe5f8a42","partidos_jugados":10,"partidos_ganados":5,"partidos_empatados":3,"partidos_perdidos":2,"goles_a_favor":15,"goles_en_contra":10,"puntos":18}
{"_id":{"$oid":"6635232f946279eafab6fbf3"},"equipo_id":"6633da483236eb78fe5f8a43","partidos_jugados":10,"partidos_ganados":6,"partidos_empatados":2,"partidos_perdidos":2,"goles_a_favor":20,"goles_en_contra":12,"puntos":20}
{"_id":{"$oid":"6635232f946279eafab6fbf4"},"equipo_id":"6633da483236eb78fe5f8a44","partidos_jugados":10,"partidos_ganados":3,"partidos_empatados":4,"partidos_perdidos":3,"goles_a_favor":12,"goles_en_contra":15,"puntos":13}
{"_id":{"$oid":"6635232f946279eafab6fbf5"},"equipo_id":"6633da483236eb78fe5f8a45","partidos_jugados":10,"partidos_ganados":4,"partidos_empatados":3,"partidos_perdidos":3,"goles_a_favor":14,"goles_en_contra":16,"puntos":15}
