{"_id":{"$oid":"6633d4563236eb78fe5f8a25"},"nombre":"Juan Martínez","nacionalidad":"Española","fecha_nacimiento":"1980-07-15T00:00:00Z"}
{"_id":{"$oid":"6633d4563236eb78fe5f8a26"},"nombre":"Emily Johnson","nacionalidad":"Estadounidense","fecha_nacimiento":"1975-03-20T00:00:00Z"}
{"_id":{"$oid":"6633d4563236eb78fe5f8a27"},"nombre":"Carlos Rodríguez","nacionalidad":"Mexicana","fecha_nacimiento":"1990-11-05T00:00:00Z"}
{"_id":{"$oid":"6633d4563236eb78fe5f8a28"},"nombre":"Sophie Dupont","nacionalidad":"Francesa","fecha_nacimiento":"1988-09-10T00:00:00Z"}
