{"_id":{"$oid":"66351691946279eafab6fbae"},"nombre":"Juan","fecha_nacimiento":"1995-03-15","nacionalidad":"Colombiana","posicion":"Delantero","numero_camiseta":"10","equipo_id":"613c8d373b20a3bfbfc7ab40"}
{"_id":{"$oid":"66351691946279eafab6fbaf"},"nombre":"Andres","fecha_nacimiento":"1994-08-22","nacionalidad":"Brasileña","posicion":"Defensa","numero_camiseta":"5","equipo_id":"613c8d373b20a3bfbfc7ab40"}
{"_id":{"$oid":"66351691946279eafab6fbb0"},"nombre":"David","fecha_nacimiento":"1997-11-10","nacionalidad":"Argentina","posicion":"Centrocampista","numero_camiseta":"8","equipo_id":"613c8d373b20a3bfbfc7ab40"}
{"_id":{"$oid":"66351691946279eafab6fbb1"},"nombre":"Alejandro","fecha_nacimiento":"1993-06-27","nacionalidad":"Española","posicion":"Portero","numero_camiseta":"1","equipo_id":"613c8d373b20a3bfbfc7ab40"}
{"_id":{"$oid":"66351691946279eafab6fbb2"},"nombre":"Carlos","fecha_nacimiento":"1996-04-18","nacionalidad":"Italiana","posicion":"Centrocampista","numero_camiseta":"7","equipo_id":"613c8d373b20a3bfbfc7ab40"}
{"_id":{"$oid":"66351691946279eafab6fbb3"},"nombre":"Jose","fecha_nacimiento":"1992-09-03","nacionalidad":"Uruguaya","posicion":"Defensa","numero_camiseta":"3","equipo_id":"613c8d373b20a3bfbfc7ab40"}
{"_id":{"$oid":"66351691946279eafab6fbb4"},"nombre":"Luis","fecha_nacimiento":"1994-05-20","nacionalidad":"Colombiana","posicion":"Delantero","numero_camiseta":"9","equipo_id":"613c8d373b20a3bfbfc7ab41"}
{"_id":{"$oid":"66351691946279eafab6fbb5"},"nombre":"Martin","fecha_nacimiento":"1996-08-12","nacionalidad":"Brasileña","posicion":"Defensa","numero_camiseta":"4","equipo_id":"613c8d373b20a3bfbfc7ab41"}
{"_id":{"$oid":"66351691946279eafab6fbb6"},"nombre":"Pedro","fecha_nacimiento":"1993-11-30","nacionalidad":"Argentina","posicion":"Centrocampista","numero_camiseta":"6","equipo_id":"613c8d373b20a3bfbfc7ab41"}
{"_id":{"$oid":"66351691946279eafab6fbb7"},"nombre":"Rafael","fecha_nacimiento":"1995-06-17","nacionalidad":"Española","posicion":"Portero","numero_camiseta":"1","equipo_id":"613c8d373b20a3bfbfc7ab41"}
{"_id":{"$oid":"66351691946279eafab6fbb8"},"nombre":"Jorge","fecha_nacimiento":"1992-03-24","nacionalidad":"Italiana","posicion":"Centrocampista","numero_camiseta":"8","equipo_id":"613c8d373b20a3bfbfc7ab41"}
{"_id":{"$oid":"66351691946279eafab6fbb9"},"nombre":"Santiago","fecha_nacimiento":"1997-10-09","nacionalidad":"Uruguaya","posicion":"Defensa","numero_camiseta":"2","equipo_id":"613c8d373b20a3bfbfc7ab41"}
{"_id":{"$oid":"66351691946279eafab6fbba"},"nombre":"Nicolas","fecha_nacimiento":"1993-07-14","nacionalidad":"Colombiana","posicion":"Delantero","numero_camiseta":"11","equipo_id":"613c8d373b20a3bfbfc7ab42"}
{"_id":{"$oid":"66351691946279eafab6fbbb"},"nombre":"Sebastian","fecha_nacimiento":"1996-11-22","nacionalidad":"Brasileña","posicion":"Defensa","numero_camiseta":"6","equipo_id":"613c8d373b20a3bfbfc7ab42"}
{"_id":{"$oid":"66351691946279eafab6fbbc"},"nombre":"Esteban","fecha_nacimiento":"1994-04-10","nacionalidad":"Argentina","posicion":"Centrocampista","numero_camiseta":"10","equipo_id":"613c8d373b20a3bfbfc7ab42"}
{"_id":{"$oid":"66351691946279eafab6fbbd"},"nombre":"Tomas","fecha_nacimiento":"1992-01-27","nacionalidad":"Española","posicion":"Portero","numero_camiseta":"1","equipo_id":"613c8d373b20a3bfbfc7ab42"}
{"_id":{"$oid":"66351691946279eafab6fbbe"},"nombre":"Mateo","fecha_nacimiento":"1995-09-18","nacionalidad":"Italiana","posicion":"Centrocampista","numero_camiseta":"7","equipo_id":"613c8d373b20a3bfbfc7ab42"}
{"_id":{"$oid":"66351691946279eafab6fbbf"},"nombre":"Vicente","fecha_nacimiento":"1993-02-03","nacionalidad":"Uruguaya","posicion":"Defensa","numero_camiseta":"4","equipo_id":"613c8d373b20a3bfbfc7ab42"}
{"_id":{"$oid":"66351691946279eafab6fbc0"},"nombre":"Kevin","fecha_nacimiento":"1996-08-08","nacionalidad":"Colombiana","posicion":"Delantero","numero_camiseta":"9","equipo_id":"613c8d373b20a3bfbfc7ab43"}
{"_id":{"$oid":"66351691946279eafab6fbc1"},"nombre":"Brandon","fecha_nacimiento":"1992-12-12","nacionalidad":"Brasileña","posicion":"Defensa","numero_camiseta":"5","equipo_id":"613c8d373b20a3bfbfc7ab43"}
{"_id":{"$oid":"66351691946279eafab6fbc2"},"nombre":"Anthony","fecha_nacimiento":"1994-03-28","nacionalidad":"Argentina","posicion":"Centrocampista","numero_camiseta":"11","equipo_id":"613c8d373b20a3bfbfc7ab43"}
{"_id":{"$oid":"66351691946279eafab6fbc3"},"nombre":"Gabriel","fecha_nacimiento":"1997-07-05","nacionalidad":"Española","posicion":"Portero","numero_camiseta":"1","equipo_id":"613c8d373b20a3bfbfc7ab43"}
{"_id":{"$oid":"66351691946279eafab6fbc4"},"nombre":"Guillermo","fecha_nacimiento":"1993-10-20","nacionalidad":"Italiana","posicion":"Centrocampista","numero_camiseta":"6","equipo_id":"613c8d373b20a3bfbfc7ab43"}
{"_id":{"$oid":"66351691946279eafab6fbc5"},"nombre":"Armando","fecha_nacimiento":"1995-05-02","nacionalidad":"Uruguaya","posicion":"Defensa","numero_camiseta":"3","equipo_id":"613c8d373b20a3bfbfc7ab43"}
