{"_id":{"$oid":"66351aa3946279eafab6fbca"},"fecha":"2024-05-10","hora":"15:00","estadio":"Estadio A","equipo_local_id":"6633da483236eb78fe5f8a42","equipo_visitante_id":"6633da483236eb78fe5f8a43","arbitro_id":"6633d5523236eb78fe5f8a2c"}
{"_id":{"$oid":"66351aa3946279eafab6fbcb"},"fecha":"2024-05-11","hora":"16:30","estadio":"Estadio B","equipo_local_id":"6633da483236eb78fe5f8a44","equipo_visitante_id":"6633da483236eb78fe5f8a45","arbitro_id":"6633d5523236eb78fe5f8a2d"}
{"_id":{"$oid":"66351aa3946279eafab6fbcc"},"fecha":"2024-05-12","hora":"18:00","estadio":"Estadio C","equipo_local_id":"6633da483236eb78fe5f8a45","equipo_visitante_id":"6633da483236eb78fe5f8a42","arbitro_id":"6633d5523236eb78fe5f8a2e"}
{"_id":{"$oid":"66351aa3946279eafab6fbcd"},"fecha":"2024-05-13","hora":"20:00","estadio":"Estadio D","equipo_local_id":"6633da483236eb78fe5f8a44","equipo_visitante_id":"6633da483236eb78fe5f8a43","arbitro_id":"6633d5523236eb78fe5f8a2c"}
{"_id":{"$oid":"66351aa3946279eafab6fbce"},"fecha":"2024-05-14","hora":"14:00","estadio":"Estadio E","equipo_local_id":"6633da483236eb78fe5f8a43","equipo_visitante_id":"6633da483236eb78fe5f8a42","arbitro_id":"6633d5523236eb78fe5f8a2d"}
{"_id":{"$oid":"66351aa3946279eafab6fbcf"},"fecha":"2024-05-15","hora":"17:00","estadio":"Estadio F","equipo_local_id":"6633da483236eb78fe5f8a45","equipo_visitante_id":"6633da483236eb78fe5f8a44","arbitro_id":"6633d5523236eb78fe5f8a2e"}
{"_id":{"$oid":"66351aa3946279eafab6fbd0"},"fecha":"2024-05-16","hora":"19:30","estadio":"Estadio G","equipo_local_id":"6633da483236eb78fe5f8a42","equipo_visitante_id":"6633da483236eb78fe5f8a44","arbitro_id":"6633d5523236eb78fe5f8a2c"}
{"_id":{"$oid":"66351aa3946279eafab6fbd1"},"fecha":"2024-05-17","hora":"15:30","estadio":"Estadio H","equipo_local_id":"6633da483236eb78fe5f8a45","equipo_visitante_id":"6633da483236eb78fe5f8a43","arbitro_id":"6633d5523236eb78fe5f8a2d"}
{"_id":{"$oid":"66351aa3946279eafab6fbd2"},"fecha":"2024-05-18","hora":"17:45","estadio":"Estadio I","equipo_local_id":"6633da483236eb78fe5f8a43","equipo_visitante_id":"6633da483236eb78fe5f8a44","arbitro_id":"6633d5523236eb78fe5f8a2e"}
{"_id":{"$oid":"66351aa3946279eafab6fbd3"},"fecha":"2024-05-19","hora":"16:15","estadio":"Estadio J","equipo_local_id":"6633da483236eb78fe5f8a42","equipo_visitante_id":"6633da483236eb78fe5f8a45","arbitro_id":"6633d5523236eb78fe5f8a2c"}
